<?xml version="1.0"?>
<doc>
    <assembly>
        <name>GeoJSON.Net.Contrib.Wkb</name>
    </assembly>
    <members>
        <member name="T:GeoJSON.Net.Contrib.Wkb.WkbConverter">
            <summary>
            GeoJSON.Net / Wkb converter.
            All methods here are static and extensions to GeoJSON.Net types and Db geography and geometry types.
            </summary>
            <summary>
            GeoJSON.Net / Wkb converter.
            All methods here are static and extensions to GeoJSON.Net types and Db geography and geometry types.
            </summary>
            <summary>
            GeoJSON.Net / Wkb converter.
            All methods here are static and extensions to GeoJSON.Net types and Db geography and geometry types.
            </summary>
        </member>
        <member name="T:GeoJSON.Net.Contrib.Wkb.Conversions.WkbDecode">
            <summary>
            Wkb to GeoJson decoder.
            Built from https://github.com/gksource/GeoJSON.Net.Contrib.EF
            </summary>
        </member>
        <member name="T:GeoJSON.Net.Contrib.Wkb.Conversions.WkbEncode">
            <summary>
            Wkb to GeoJson encoder.
            Built from https://github.com/gksource/GeoJSON.Net.Contrib.EF
            </summary>
        </member>
    </members>
</doc>
