<?xml version="1.0"?>
<doc>
    <assembly>
        <name>NetTopologySuite.IO.GeoJSON</name>
    </assembly>
    <members>
        <member name="T:NetTopologySuite.IO.Converters.AttributesTableConverter">
            <summary>
            Converts IAttributesTable object to its JSON representation.
            </summary>
        </member>
        <member name="M:NetTopologySuite.IO.Converters.AttributesTableConverter.WriteJson(Newtonsoft.Json.JsonWriter,System.Object,Newtonsoft.Json.JsonSerializer)">
            <summary>
            Writes the JSON representation of the object.
            </summary>
            <param name="writer">The <see cref="T:Newtonsoft.Json.JsonWriter"/> to write to.</param>
            <param name="value">The value.</param>
            <param name="serializer">The calling serializer.</param>
        </member>
        <member name="M:NetTopologySuite.IO.Converters.AttributesTableConverter.ReadJson(Newtonsoft.Json.JsonReader,System.Type,System.Object,Newtonsoft.Json.JsonSerializer)">
            <summary>
            Reads the JSON representation of the object.
            </summary>
            <param name="reader">The <see cref="T:Newtonsoft.Json.JsonReader"/> to read from.</param>
            <param name="objectType">Type of the object.</param>
            <param name="existingValue">The existing value of object being read.</param>
            <param name="serializer">The calling serializer.</param>
            <returns>
            The object value.
            </returns>
        </member>
        <member name="M:NetTopologySuite.IO.Converters.AttributesTableConverter.CanConvert(System.Type)">
            <summary>
            Determines whether this instance can convert the specified object type.
            </summary>
            <param name="objectType">Type of the object.</param>
            <returns>
              <c>true</c> if this instance can convert the specified object type; otherwise, <c>false</c>.
            </returns>
        </member>
        <member name="T:NetTopologySuite.IO.Converters.CoordinateConverter">
            <summary>
            Convertes a <see cref="T:GeoAPI.Geometries.Coordinate"/> to and from JSON
            </summary>
        </member>
        <member name="M:NetTopologySuite.IO.Converters.CoordinateConverter.WriteJson(Newtonsoft.Json.JsonWriter,System.Object,Newtonsoft.Json.JsonSerializer)">
            <summary>
            Writes a coordinate, a coordinate sequence or an enumeration of coordinates to JSON
            </summary>
            <param name="writer">The writer</param>
            <param name="value">The coordinate</param>
            <param name="serializer">The serializer</param>
        </member>
        <member name="M:NetTopologySuite.IO.Converters.CoordinateConverter.WriteJsonCoordinate(Newtonsoft.Json.JsonWriter,GeoAPI.Geometries.Coordinate,Newtonsoft.Json.JsonSerializer)">
            <summary>
            Writes a single coordinate to JSON
            </summary>
            <param name="writer">The writer</param>
            <param name="coordinate">The coordinate</param>
            <param name="serializer">The serializer</param>
        </member>
        <member name="M:NetTopologySuite.IO.Converters.CoordinateConverter.ReadJson(Newtonsoft.Json.JsonReader,System.Type,System.Object,Newtonsoft.Json.JsonSerializer)">
            <summary>
            Reads a coordinate, a coordinate sequence or an enumeration of coordinates from JSON
            </summary>
            <param name="reader"></param>
            <param name="objectType"></param>
            <param name="existingValue"></param>
            <param name="serializer"></param>
            <returns></returns>
        </member>
        <member name="M:NetTopologySuite.IO.Converters.CoordinateConverter.CanConvert(System.Type)">
            <summary>
            Predicate function to check if an instance of <paramref name="objectType"/> can be converted using this converter.
            </summary>
            <param name="objectType">The type of the object to convert</param>
            <returns><value>true</value> if the conversion is possible, otherwise <value>false</value></returns>
        </member>
        <member name="T:NetTopologySuite.IO.Converters.EnvelopeConverter">
            <summary>
            Convertes <see cref="T:GeoAPI.Geometries.Envelope"/>s to and from JSON
            </summary>
        </member>
        <member name="M:NetTopologySuite.IO.Converters.EnvelopeConverter.WriteJson(Newtonsoft.Json.JsonWriter,System.Object,Newtonsoft.Json.JsonSerializer)">
            <summary>
            Writes an <see cref="T:GeoAPI.Geometries.Envelope"/> to JSON
            </summary>
            <param name="writer">The writer</param>
            <param name="value">The envelope</param>
            <param name="serializer">The serializer</param>
        </member>
        <member name="M:NetTopologySuite.IO.Converters.EnvelopeConverter.ReadJson(Newtonsoft.Json.JsonReader,System.Type,System.Object,Newtonsoft.Json.JsonSerializer)">
            <summary>
            Reads an <see cref="T:GeoAPI.Geometries.Envelope"/> from JSON
            </summary>
            <param name="reader">The reader</param>
            <param name="objectType">The object type</param>
            <param name="existingValue">The existing value</param>
            <param name="serializer">The serializer</param>
            <returns></returns>
        </member>
        <member name="M:NetTopologySuite.IO.Converters.EnvelopeConverter.CanConvert(System.Type)">
            <summary>
            Predicate function to check if an instance of <paramref name="objectType"/> can be converted using this converter.
            </summary>
            <param name="objectType">The type of the object to convert</param>
            <returns><value>true</value> if the conversion is possible, otherwise <value>false</value></returns>
        </member>
        <member name="T:NetTopologySuite.IO.Converters.FeatureCollectionConverter">
            <summary>
            Converts FeatureCollection object to its JSON representation.
            </summary>
        </member>
        <member name="M:NetTopologySuite.IO.Converters.FeatureCollectionConverter.WriteJson(Newtonsoft.Json.JsonWriter,System.Object,Newtonsoft.Json.JsonSerializer)">
            <summary>
            Writes a feature collection in its JSON representation
            </summary>
            <param name="writer">The writer</param>
            <param name="value">The value</param>
            <param name="serializer">The serializer</param>
        </member>
        <member name="M:NetTopologySuite.IO.Converters.FeatureCollectionConverter.ReadJson(Newtonsoft.Json.JsonReader,System.Type,System.Object,Newtonsoft.Json.JsonSerializer)">
            <summary>
            Reads a feature collection from its JSON representation
            </summary>
            <param name="reader">The reader</param>
            <param name="objectType">The object type</param>
            <param name="existingValue">The existing value</param>
            <param name="serializer">The serializer</param>
            <returns></returns>
        </member>
        <member name="M:NetTopologySuite.IO.Converters.FeatureCollectionConverter.CanConvert(System.Type)">
            <summary>
            Predicate function to check if an instance of <paramref name="objectType"/> can be converted using this converter.
            </summary>
            <param name="objectType">The type of the object to convert</param>
            <returns><value>true</value> if the conversion is possible, otherwise <value>false</value></returns>
        </member>
        <member name="T:NetTopologySuite.IO.Converters.FeatureConverter">
            <summary>
            Converts Feature object to its JSON representation.
            </summary>
        </member>
        <member name="M:NetTopologySuite.IO.Converters.FeatureConverter.WriteJson(Newtonsoft.Json.JsonWriter,System.Object,Newtonsoft.Json.JsonSerializer)">
            <summary>
            Writes the JSON representation of the object.
            </summary>
            <param name="writer">The <see cref="T:Newtonsoft.Json.JsonWriter"/> to write to.</param>
            <param name="value">The value.</param>
            <param name="serializer">The calling serializer.</param>
        </member>
        <member name="M:NetTopologySuite.IO.Converters.FeatureConverter.ReadJson(Newtonsoft.Json.JsonReader,System.Type,System.Object,Newtonsoft.Json.JsonSerializer)">
            <summary>
            Reads the JSON representation of the object.
            </summary>
            <param name="reader">The <see cref="T:Newtonsoft.Json.JsonReader"/> to read from.</param>
            <param name="objectType">Type of the object.</param>
            <param name="existingValue">The existing value of object being read.</param>
            <param name="serializer">The calling serializer.</param>
            <returns>
            The object value.
            </returns>
        </member>
        <member name="M:NetTopologySuite.IO.Converters.FeatureConverter.CanConvert(System.Type)">
            <summary>
            Determines whether this instance can convert the specified object type.
            </summary>
            <param name="objectType">Type of the object.</param>
            <returns>
              <c>true</c> if this instance can convert the specified object type; otherwise, <c>false</c>.
            </returns>
        </member>
        <member name="T:NetTopologySuite.IO.Converters.GeometryArrayConverter">
            <summary>
            Converts an array of <see cref="T:GeoAPI.Geometries.IGeometry"/>s to and from JSON
            </summary>
        </member>
        <member name="M:NetTopologySuite.IO.Converters.GeometryArrayConverter.#ctor">
            <summary>
            Creates an instance of this class using <see cref="F:NetTopologySuite.Geometries.GeometryFactory.Default"/>
            </summary>
        </member>
        <member name="M:NetTopologySuite.IO.Converters.GeometryArrayConverter.#ctor(GeoAPI.Geometries.IGeometryFactory)">
            <summary>
            Creates an instance of this class using the provided <see cref="T:GeoAPI.Geometries.IGeometryFactory"/>
            </summary>
            <param name="factory">The factory</param>
        </member>
        <member name="M:NetTopologySuite.IO.Converters.GeometryArrayConverter.WriteJson(Newtonsoft.Json.JsonWriter,System.Object,Newtonsoft.Json.JsonSerializer)">
            <summary>
            Writes an array of <see cref="T:GeoAPI.Geometries.IGeometry"/>s to JSON
            </summary>
            <param name="writer">The writer</param>
            <param name="value">The geometry</param>
            <param name="serializer">The serializer</param>
        </member>
        <member name="M:NetTopologySuite.IO.Converters.GeometryArrayConverter.ReadJson(Newtonsoft.Json.JsonReader,System.Type,System.Object,Newtonsoft.Json.JsonSerializer)">
            <summary>
            Reads an array of <see cref="T:GeoAPI.Geometries.IGeometry"/>s from JSON
            </summary>
            <param name="reader">The reader</param>
            <param name="objectType">The object type</param>
            <param name="existingValue">The existing value</param>
            <param name="serializer">The serializer</param>
            <returns>The geometry array read</returns>
        </member>
        <member name="M:NetTopologySuite.IO.Converters.GeometryArrayConverter.CanConvert(System.Type)">
            <summary>
            Predicate function to check if an instance of <paramref name="objectType"/> can be converted using this converter.
            </summary>
            <param name="objectType">The type of the object to convert</param>
            <returns><value>true</value> if the conversion is possible, otherwise <value>false</value></returns>
        </member>
        <member name="T:NetTopologySuite.IO.Converters.GeometryConverter">
            <summary>
            Converts a <see cref="T:GeoAPI.Geometries.IGeometry"/> to and from its JSON representation
            </summary>
        </member>
        <member name="M:NetTopologySuite.IO.Converters.GeometryConverter.#ctor">
            <summary>
            Creates an instance of this class using <see cref="F:NetTopologySuite.Geometries.GeometryFactory.Default"/> to create geometries.
            </summary>
        </member>
        <member name="M:NetTopologySuite.IO.Converters.GeometryConverter.#ctor(GeoAPI.Geometries.IGeometryFactory)">
            <summary>
            Creates an instance of this class using the provided <see cref="T:GeoAPI.Geometries.IGeometryFactory"/> to create geometries.
            </summary>
            <param name="geometryFactory">The geometry factory.</param>
        </member>
        <member name="M:NetTopologySuite.IO.Converters.GeometryConverter.WriteJson(Newtonsoft.Json.JsonWriter,System.Object,Newtonsoft.Json.JsonSerializer)">
            <summary>
            Writes a geometry to its JSON representation
            </summary>
            <param name="writer">The writer</param>
            <param name="value">The value</param>
            <param name="serializer">The serializer</param>
        </member>
        <member name="M:NetTopologySuite.IO.Converters.GeometryConverter.ReadJson(Newtonsoft.Json.JsonReader,System.Type,System.Object,Newtonsoft.Json.JsonSerializer)">
            <summary>
            Reads a geometry from its JSON representation.
            </summary>
            <param name="reader"></param>
            <param name="objectType"></param>
            <param name="existingValue"></param>
            <param name="serializer"></param>
            <returns></returns>
        </member>
        <member name="M:NetTopologySuite.IO.Converters.GeometryConverter.CanConvert(System.Type)">
            <summary>
            Predicate function to check if an instance of <paramref name="objectType"/> can be converted using this converter.
            </summary>
            <param name="objectType">The type of the object to convert</param>
            <returns><value>true</value> if the conversion is possible, otherwise <value>false</value></returns>
        </member>
        <member name="T:NetTopologySuite.IO.Converters.ICRSObjectConverter">
            <summary>
            Converts <see cref="T:NetTopologySuite.CoordinateSystems.ICRSObject"/> objects to its JSON representation.
            </summary>
        </member>
        <member name="M:NetTopologySuite.IO.Converters.ICRSObjectConverter.WriteJson(Newtonsoft.Json.JsonWriter,System.Object,Newtonsoft.Json.JsonSerializer)">
            <summary>
            Writes a coordinate reference system to its JSON representation
            </summary>
            <param name="writer">The writer</param>
            <param name="value">The coordinate reference system</param>
            <param name="serializer">The serializer</param>
        </member>
        <member name="M:NetTopologySuite.IO.Converters.ICRSObjectConverter.ReadJson(Newtonsoft.Json.JsonReader,System.Type,System.Object,Newtonsoft.Json.JsonSerializer)">
            <summary>
            Reads a coordinate reference system from its JSON representation
            </summary>
            <param name="reader">The reader</param>
            <param name="objectType">The actual object type</param>
            <param name="existingValue">The existing value</param>
            <param name="serializer">The serializer</param>
            <returns>A coordinate reference system</returns>
        </member>
        <member name="M:NetTopologySuite.IO.Converters.ICRSObjectConverter.CanConvert(System.Type)">
            <summary>
            Predicate function to check if an instance of <paramref name="objectType"/> can be converted using this converter.
            </summary>
            <param name="objectType">The type of the object to convert</param>
            <returns><value>true</value> if the conversion is possible, otherwise <value>false</value></returns>
        </member>
        <member name="T:NetTopologySuite.IO.GeoJsonObjectType">
            <summary>
            Defines the GeoJSON Objects types as defined in the <a href="http://geojson.org/geojson-spec.html#geojson-objects">geojson.org v1.0 spec</a>.
            </summary>
        </member>
        <member name="F:NetTopologySuite.IO.GeoJsonObjectType.Point">
            <summary>
            Defines the <a href="http://geojson.org/geojson-spec.html#point">Point</a> type.
            </summary>
        </member>
        <member name="F:NetTopologySuite.IO.GeoJsonObjectType.MultiPoint">
            <summary>
            Defines the <a href="http://geojson.org/geojson-spec.html#multipoint">MultiPoint</a> type.
            </summary>
        </member>
        <member name="F:NetTopologySuite.IO.GeoJsonObjectType.LineString">
            <summary>
            Defines the <a href="http://geojson.org/geojson-spec.html#linestring">LineString</a> type.
            </summary>
        </member>
        <member name="F:NetTopologySuite.IO.GeoJsonObjectType.MultiLineString">
            <summary>
            Defines the <a href="http://geojson.org/geojson-spec.html#multilinestring">MultiLineString</a> type.
            </summary>
        </member>
        <member name="F:NetTopologySuite.IO.GeoJsonObjectType.Polygon">
            <summary>
            Defines the <a href="http://geojson.org/geojson-spec.html#polygon">Polygon</a> type.
            </summary>
        </member>
        <member name="F:NetTopologySuite.IO.GeoJsonObjectType.MultiPolygon">
            <summary>
            Defines the <a href="http://geojson.org/geojson-spec.html#multipolygon">MultiPolygon</a> type.
            </summary>
        </member>
        <member name="F:NetTopologySuite.IO.GeoJsonObjectType.GeometryCollection">
            <summary>
            Defines the <a href="http://geojson.org/geojson-spec.html#geometry-collection">GeometryCollection</a> type.
            </summary>
        </member>
        <member name="F:NetTopologySuite.IO.GeoJsonObjectType.Feature">
            <summary>
            Defines the <a href="http://geojson.org/geojson-spec.html#feature-objects">Feature</a> type.
            </summary>
        </member>
        <member name="F:NetTopologySuite.IO.GeoJsonObjectType.FeatureCollection">
            <summary>
            Defines the <a href="http://geojson.org/geojson-spec.html#feature-collection-objects">FeatureCollection</a> type.
            </summary>
        </member>
        <member name="T:NetTopologySuite.IO.GeoJsonReader">
            <summary>
            Represents a GeoJSON Reader allowing for deserialization of various GeoJSON elements 
            or any object containing GeoJSON elements.
            </summary>
        </member>
        <member name="M:NetTopologySuite.IO.GeoJsonReader.#ctor">
            <summary>
            Creates an instance of this class
            </summary>
        </member>
        <member name="M:NetTopologySuite.IO.GeoJsonReader.#ctor(GeoAPI.Geometries.IGeometryFactory,Newtonsoft.Json.JsonSerializerSettings)">
            <summary>
            Creates an instance of this class using the provided <see cref="T:GeoAPI.Geometries.IGeometryFactory"/> and
            <see cref="T:Newtonsoft.Json.JsonSerializerSettings"/>.
            </summary>
            <param name="factory">The factory to use when creating geometries</param>
            <param name="serializerSettings">The serializer setting</param>
        </member>
        <member name="M:NetTopologySuite.IO.GeoJsonReader.Read``1(System.String)">
            <summary>
            Reads the specified json.
            </summary>
            <typeparam name="TObject">The type of the object.</typeparam>
            <param name="json">The json.</param>
            <returns></returns>
        </member>
        <member name="T:NetTopologySuite.IO.GeoJsonSerializer">
            <summary>
            Json Serializer with support for GeoJson object structure.
            </summary>
        </member>
        <member name="M:NetTopologySuite.IO.GeoJsonSerializer.Create">
            <summary>
            Factory method to create a (Geo)JsonSerializer
            </summary>
            <remarks>Calls <see cref="M:NetTopologySuite.IO.GeoJsonSerializer.CreateDefault"/> internally</remarks>
            <returns>A <see cref="T:Newtonsoft.Json.JsonSerializer"/></returns>
        </member>
        <member name="M:NetTopologySuite.IO.GeoJsonSerializer.CreateDefault">
            <summary>
            Factory method to create a (Geo)JsonSerializer
            </summary>
            <remarks>
            Creates a serializer using <see cref="M:Newtonsoft.Json.JsonSerializer.CreateDefault"/> internally
            and adds the GeoJSON specific converters to it.</remarks>
            <returns>A <see cref="T:Newtonsoft.Json.JsonSerializer"/></returns>
        </member>
        <member name="M:NetTopologySuite.IO.GeoJsonSerializer.Create(GeoAPI.Geometries.IGeometryFactory)">
            <summary>
            Factory method to create a (Geo)JsonSerializer
            </summary>
            <remarks>
            Creates a serializer using <see cref="M:NetTopologySuite.IO.GeoJsonSerializer.Create(Newtonsoft.Json.JsonSerializerSettings,GeoAPI.Geometries.IGeometryFactory)"/> internally.
            <see cref="F:NetTopologySuite.Geometries.GeometryFactory.Default"/> is used.</remarks>
            <returns>A <see cref="T:Newtonsoft.Json.JsonSerializer"/></returns>
        </member>
        <member name="M:NetTopologySuite.IO.GeoJsonSerializer.Create(Newtonsoft.Json.JsonSerializerSettings,GeoAPI.Geometries.IGeometryFactory)">
            <summary>
            Factory method to create a (Geo)JsonSerializer using the provider serializer settings and geometry factory
            </summary>
            <returns>A <see cref="T:Newtonsoft.Json.JsonSerializer"/></returns>
        </member>
        <member name="M:NetTopologySuite.IO.GeoJsonSerializer.#ctor">
            <summary>
            Initializes a new instance of the <see cref="T:NetTopologySuite.IO.GeoJsonSerializer"/> class.
            </summary>
        </member>
        <member name="M:NetTopologySuite.IO.GeoJsonSerializer.#ctor(GeoAPI.Geometries.IGeometryFactory)">
            <summary>
            Initializes a new instance of the <see cref="T:NetTopologySuite.IO.GeoJsonSerializer"/> class.
            </summary>
            <param name="geometryFactory">The geometry factory.</param>
        </member>
        <member name="T:NetTopologySuite.IO.GeoJsonWriter">
            <summary>
            Represents a GeoJSON Writer allowing for serialization of various GeoJSON elements 
            or any object containing GeoJSON elements.
            </summary>
        </member>
        <member name="M:NetTopologySuite.IO.GeoJsonWriter.#ctor">
            <summary>
            Creates an instance of this class
            </summary>
        </member>
        <member name="P:NetTopologySuite.IO.GeoJsonWriter.SerializerSettings">
            <summary>
            Gets or sets a value that is used to create and configure the underlying <see cref="T:NetTopologySuite.IO.GeoJsonSerializer"/>.
            </summary>
        </member>
        <member name="M:NetTopologySuite.IO.GeoJsonWriter.Write(GeoAPI.Geometries.IGeometry)">
            <summary>
            Writes the specified geometry.
            </summary>
            <param name="geometry">The geometry.</param>
            <returns>A string representing the geometry's JSON representation</returns>
        </member>
        <member name="M:NetTopologySuite.IO.GeoJsonWriter.Write(NetTopologySuite.Features.IFeature)">
            <summary>
            Writes the specified feature.
            </summary>
            <param name="feature">The feature.</param>
            <returns>A string representing the feature's JSON representation</returns>
        </member>
        <member name="M:NetTopologySuite.IO.GeoJsonWriter.Write(NetTopologySuite.Features.FeatureCollection)">
            <summary>
            Writes the specified feature collection.
            </summary>
            <param name="featureCollection">The feature collection.</param>
            <returns>A string representing the feature collection's JSON representation</returns>
        </member>
        <member name="M:NetTopologySuite.IO.GeoJsonWriter.Write(System.Object)">
            <summary>
            Writes any specified object.
            </summary>
            <param name="value">Any object.</param>
            <returns>A string representing the object's JSON representation</returns>
        </member>
    </members>
</doc>
